dhcp_fingerprint_id,device_id,satori_name,device_type,device_vendor,dhcp_option55
2,,Windows,,,"1,15,3,6,44,46,47,31,33,249,43"
2,,Windows Server 2003,,,"1,15,3,6,44,46,47,31,33,249,43"
2,,Windows XP,,,"1,15,3,6,44,46,47,31,33,249,43"
2,,Windows XP SP3,,,"1,15,3,6,44,46,47,31,33,249,43"
3,,Windows,,,"1,15,3,6,44,46,47,31,33,249,43,252"
3,,Windows Server 2003,,,"1,15,3,6,44,46,47,31,33,249,43,252"
3,,Windows Vista,,,"1,15,3,6,44,46,47,31,33,249,43,252"
3,,Windows XP,,,"1,15,3,6,44,46,47,31,33,249,43,252"
3,,Windows XP SP3,,,"1,15,3,6,44,46,47,31,33,249,43,252"
9,,NETGEAR FVS114,Router,NETGEAR,"1,15,3,6,44,46,47,31,33,43"
9,,Windows 2000,,,"1,15,3,6,44,46,47,31,33,43"
24,,Windows 7,,,"1,15,3,6,44,46,47,31,33,121,249,43"
24,,Windows 7 SP1,,,"1,15,3,6,44,46,47,31,33,121,249,43"
24,,Windows Server 2008,,,"1,15,3,6,44,46,47,31,33,121,249,43"
24,,Windows Vista,,,"1,15,3,6,44,46,47,31,33,121,249,43"
33,,Windows 10,,,"1,15,3,6,44,46,47,31,33,121,249,43,252"
33,,Windows 7,,,"1,15,3,6,44,46,47,31,33,121,249,43,252"
33,,Windows 7 SP1,,,"1,15,3,6,44,46,47,31,33,121,249,43,252"
33,,Windows Server 2008,,,"1,15,3,6,44,46,47,31,33,121,249,43,252"
33,,Windows Vista,,,"1,15,3,6,44,46,47,31,33,121,249,43,252"
35,,Windows 8.1,,,"1,15,3,6,44,46,47,31,33,121,249,252,43"
35,,Windows Server 2012 R2,,,"1,15,3,6,44,46,47,31,33,121,249,252,43"
45,38,Mac OS X,,,"1,3,6,15,112,113,78,79,95,252"
50,38,Mac OS X,,,"1,3,6,15,119,95,252,44,46,47"
60,38,Mac OS X,,,"1,3,6,15,119,95,252,44,46"
64,,Cisco 7912 IP Phone,VoIP Phone,"Cisco Systems, Inc.","1,3,6,15,35,66,150"
64,,Cisco 7937G IP Phone,VoIP Phone,"Cisco Systems, Inc.","1,3,6,15,35,66,150"
65,,Cisco 7912 IP Phone,VoIP Phone,"Cisco Systems, Inc.","1,3,6,15,35,66,51,150"
66,,Cisco 7905 IP Phone,VoIP Phone,"Cisco Systems, Inc.","1,3,6,15,42,66,150"
66,,Cisco 7912 IP Phone,VoIP Phone,"Cisco Systems, Inc.","1,3,6,15,42,66,150"
66,74,Cisco ATA 186,VoIP Phone,"Cisco Systems, Inc.","1,3,6,15,42,66,150"
66,41,Cisco IP Phone,VoIP Phone,"Cisco Systems, Inc.","1,3,6,15,42,66,150"
67,,Cisco 7905 IP Phone,VoIP Phone,"Cisco Systems, Inc.","1,3,6,15,42,66,51,150"
67,,Cisco 7912 IP Phone,VoIP Phone,"Cisco Systems, Inc.","1,3,6,15,42,66,51,150"
67,74,Cisco ATA 186,VoIP Phone,"Cisco Systems, Inc.","1,3,6,15,42,66,51,150"
69,,Cisco 7940/7960x IP Phone,VoIP Phone,"Cisco Systems, Inc.","1,66,6,3,15,150,35,151"
76,,BATM VoIP Adapter,VoIP Gateway,BATM,"1,3,6,15,12"
76,,BeOS 4.x,,,"1,3,6,15,12"
104,,Alcatel 4037 Advanced Reflex IP Phone,VoIP Phone,Alcatel-Lucent,"1,28,54,58,59,60,43,3"
142,16445,Cisco ATA 188,VoIP Phone,"Cisco Systems, Inc.","1,3,6,12,15,42,66,150"
156,,Cisco Aironet 1130,Wireless Access Point,"Cisco Systems, Inc.","1,6,15,44,3,7,33,150,43"
156,,Cisco Aironet 1140,Wireless Access Point,"Cisco Systems, Inc.","1,6,15,44,3,7,33,150,43"
156,,Cisco Aironet 1200,Wireless Access Point,"Cisco Systems, Inc.","1,6,15,44,3,7,33,150,43"
156,,Cisco Aironet 1310,Wireless Access Point,"Cisco Systems, Inc.","1,6,15,44,3,7,33,150,43"
156,,Cisco Aironet 1530,Wireless Access Point,"Cisco Systems, Inc.","1,6,15,44,3,7,33,150,43"
156,,Cisco Aironet 1550,Wireless Access Point,"Cisco Systems, Inc.","1,6,15,44,3,7,33,150,43"
156,,Cisco Aironet 1570,Wireless Access Point,"Cisco Systems, Inc.","1,6,15,44,3,7,33,150,43"
156,,Cisco Aironet 2600,Wireless Access Point,"Cisco Systems, Inc.","1,6,15,44,3,7,33,150,43"
156,,Cisco Aironet 2700,Wireless Access Point,"Cisco Systems, Inc.","1,6,15,44,3,7,33,150,43"
156,,Cisco Aironet 3500,Wireless Access Point,"Cisco Systems, Inc.","1,6,15,44,3,7,33,150,43"
156,,Cisco Aironet 3600,Wireless Access Point,"Cisco Systems, Inc.","1,6,15,44,3,7,33,150,43"
156,,Cisco Aironet 702,Wireless Access Point,"Cisco Systems, Inc.","1,6,15,44,3,7,33,150,43"
164,,Linksys Router,Router,Linksys,"1,28,2,3,15,6,12,4,7,23,26,43,50,51,54,55,60,61"
166,,Linksys Router,Router,Linksys,"1,3,6,12,15,28"
166,,Nokia Internet Tablet,PDA,Nokia,"1,3,6,12,15,28"
168,,Belkin F5D8235-4 v2,Wireless Router,Belkin,"1,3,6,12,15,28,44"
168,,Linksys Router,Router,Linksys,"1,3,6,12,15,28,44"
171,,Linksys Router,Router,Linksys,"1,3,6,15,28,54"
173,,Linksys Router,Router,Linksys,"6,3,1"
183,,Apple Airport,Wireless Router,"Apple, Inc.","1,2,3,15,6,12,44"
183,73678,Apple Airport Extreme,Wireless Router,"Apple, Inc.","1,2,3,15,6,12,44"
193,90,D-Link Wireless Router,Wireless Router,"D-Link Systems, Inc.","1,3,6,12,15,66,69,70,67"
244,,Ubuntu 8.10 based distro,,,"1,28,2,3,15,6,119,12,44,47,26"
244,,Xandros,,,"1,28,2,3,15,6,119,12,44,47,26"
246,33471,BlackBerry Smartphone,Smartphone,BlackBerry,"1,28,2,3,15,6,12"
246,33471,BlackBerry Tablet,Smartphone,BlackBerry,"1,28,2,3,15,6,12"
246,,Debian 3.1,,,"1,28,2,3,15,6,12"
246,117,Debian-based Linux,,,"1,28,2,3,15,6,12"
246,,FreeBSD 6.0-6.2,,,"1,28,2,3,15,6,12"
246,,PC-BSD 1.2-1.3,,,"1,28,2,3,15,6,12"
246,,PC-BSD 1.4,,,"1,28,2,3,15,6,12"
246,,PCLinuxOS 2007-2008,,,"1,28,2,3,15,6,12"
246,,Symbol Wireless Switch,Wireless Controller,Symbol,"1,28,2,3,15,6,12"
246,28725,TiVo,DVR,TiVo,"1,28,2,3,15,6,12"
246,266,Ubuntu,,,"1,28,2,3,15,6,12"
248,117,Debian-based Linux,,,"1,28,2,3,15,6,12,42"
248,,LifeSize Room,Video Conferencing,"LifeSize Communications, Inc.","1,28,2,3,15,6,12,42"
248,,Ubuntu 8.04,,,"1,28,2,3,15,6,12,42"
249,117,Debian-based Linux,,,"1,28,2,3,15,6,12,44,47"
249,,Ubuntu 6.0.6,,,"1,28,2,3,15,6,12,44,47"
249,,Ubuntu 6.10,,,"1,28,2,3,15,6,12,44,47"
249,,Ubuntu 7.x based distro,,,"1,28,2,3,15,6,12,44,47"
253,,Raspbian GNU/Linux 8 (jessie),,Pi,"1,121,33,3,6,12,15,28,42,51,54,58,59,119"
266,,Fedora 3-8 based distro,,,"1,28,2,3,15,6,12,40,41,42"
266,,Fedora 9-12 based distro,,,"1,28,2,3,15,6,12,40,41,42"
270,,Biamp Tesira ForteX,,Biamp,"1,121,33,3,6,12,15,26,28,42,51,54,58,59,119"
270,,Porteus 1.0,,,"1,121,33,3,6,12,15,26,28,42,51,54,58,59,119"
270,,Raspbian GNU/Linux 9 (stretch),,Pi,"1,121,33,3,6,12,15,26,28,42,51,54,58,59,119"
272,,Backtrack 1.0,,,"1,3,6,12,15,17,23,28,29,31,33,40,41,42"
272,,Gentoo 2004.3,,,"1,3,6,12,15,17,23,28,29,31,33,40,41,42"
272,,Gentoo 2005.0,,,"1,3,6,12,15,17,23,28,29,31,33,40,41,42"
272,,Linux 2.2.x,,,"1,3,6,12,15,17,23,28,29,31,33,40,41,42"
272,,Linux 2.4.x,,,"1,3,6,12,15,17,23,28,29,31,33,40,41,42"
272,,Linux 2.6.x,,,"1,3,6,12,15,17,23,28,29,31,33,40,41,42"
272,,Zenwalk based distro,,,"1,3,6,12,15,17,23,28,29,31,33,40,41,42"
273,,Gentoo 2006.0,,,"1,3,6,12,15,17,23,28,29,31,33,40,41,42,119"
273,,Gentoo 2006.1,,,"1,3,6,12,15,17,23,28,29,31,33,40,41,42,119"
273,,Gentoo 2007.0,,,"1,3,6,12,15,17,23,28,29,31,33,40,41,42,119"
273,,Hakin9 Live 2.8,,,"1,3,6,12,15,17,23,28,29,31,33,40,41,42,119"
273,,Linux 2.6.x,,,"1,3,6,12,15,17,23,28,29,31,33,40,41,42,119"
273,,Slax 5.x-6.x based distros,,,"1,3,6,12,15,17,23,28,29,31,33,40,41,42,119"
275,,Debian 5,,,"1,28,2,3,15,6,119,12,44,47,26,121"
275,,Knoppix 6.0 based distro,,,"1,28,2,3,15,6,119,12,44,47,26,121"
275,,Ubuntu 9-10 based distro,,,"1,28,2,3,15,6,119,12,44,47,26,121"
276,,Debian 6,,,"1,28,2,3,15,6,119,12,44,47,26,121,42"
276,,Debian 7,,,"1,28,2,3,15,6,119,12,44,47,26,121,42"
276,,FluorChem,,,"1,28,2,3,15,6,119,12,44,47,26,121,42"
276,,Ubuntu 9-10 based distro,,,"1,28,2,3,15,6,119,12,44,47,26,121,42"
282,,Linux Mint Debian,,,"1,28,2,3,15,6,119,12,44,47,26,121,42,121,249,252,42"
282,,Ubuntu 11 based distro,,,"1,28,2,3,15,6,119,12,44,47,26,121,42,121,249,252,42"
282,,Ubuntu 12 based distro,,,"1,28,2,3,15,6,119,12,44,47,26,121,42,121,249,252,42"
283,129,Fedora 14 based distro,,,"1,28,2,121,15,6,12,40,41,42,26,119,3"
284,,Biamp Tesira,DSP,Biamp,"1,121,33,3,6,12,15,26,28,51,54,58,59,119"
284,79947,Chromebook,,,"1,121,33,3,6,12,15,26,28,51,54,58,59,119"
284,,Mandriva 2011,,,"1,121,33,3,6,12,15,26,28,51,54,58,59,119"
285,79947,Chromebook,,,"1,121,33,3,6,12,15,26,28,51,54,58,59,119,252"
287,,Fedora 15-16 based distro,,,"1,28,2,121,15,6,12,40,41,42,26,119,3,121,249,252,42"
289,,BlackBerry,Smartphone,BlackBerry,"1,3,6,15"
289,,Cannon Image Runner 6755,Printer,Cannon,"1,3,6,15"
289,,Cisco Aironet 4800,Wireless Access Point,"Cisco Systems, Inc.","1,3,6,15"
289,,Enterasys RBT-4102-EU Wireless Access Point,Wireless Access Point,"Enterasys Networks, Inc.","1,3,6,15"
289,,Hewlett-Packard iLO Agent (Not Configured),Miscellaneous,Hewlett-Packard,"1,3,6,15"
289,,NETGEAR FVS114,Router,NETGEAR,"1,3,6,15"
289,,NETGEAR WNR854T,Wireless Access Point,NETGEAR,"1,3,6,15"
289,135,Xbox 360,Game Console,Microsoft Corp.,"1,3,6,15"
291,,Fluke OneTouch Series II 10/100,Network Diagnostics,Fluke Electronics,"1,3,6"
291,,Fluke OptiView Series III,Network Diagnostics,Fluke Electronics,"1,3,6"
291,72914,Nintendo DS,Game Console,"Nintendo Co., Ltd.","1,3,6"
291,,Trendnet IP Camera,IP Network Camera,TRENDnet,"1,3,6"
291,135,Xbox 360,Game Console,Microsoft Corp.,"1,3,6"
292,,Enterasys RBT-8200 Wireless Controller,Wireless Controller,"Enterasys Networks, Inc.","1,3,15,6"
292,105576,PlayStation 2,Game Console,Sony Corp.,"1,3,15,6"
292,275,PlayStation 3,Game Console,Sony Corp.,"1,3,15,6"
292,273,PlayStation 4,Game Console,Sony Corp.,"1,3,15,6"
292,85672,PlayStation 5,Game Console,Sony Corp.,"1,3,15,6"
296,275,PlayStation 3,Game Console,Sony Corp.,"1,3,28,6,15"
301,,Amino AmiNET110,IPTV,Amino Technologies,"1,3,6,12,15,17,23,28,29,31,33,40,41,42,43"
302,7687,HP iPAQ,PDA,Hewlett-Packard,"1,3,6,15,44,46,47"
302,,Morse Watchman Keywatch,Key Lock Box,Morse Watchman,"1,3,6,15,44,46,47"
302,70744,Slingbox,DVR,Sling Media,"1,3,6,15,44,46,47"
302,7687,Windows CE,,,"1,3,6,15,44,46,47"
302,5474,Windows Phone 7.5,Smartphone,Microsoft Corp.,"1,3,6,15,44,46,47"
307,,Samsung SmartTV,SmartTV,Samsung,"1,3,6,12,15,28,42,125"
307,,Tizen Linux,,,"1,3,6,12,15,28,42,125"
319,,Hewlett-Packard JetDirect (J4169A/J6035D/J6038A/J6057A/J7934x/J7949E/J7957A-7959A),Printer,Hewlett-Packard,"1,3,44,6,7,12,15,22,54,58,59,69,18,144"
319,,Hewlett-Packard JetDirect (J6035A),Printer,Hewlett-Packard,"1,3,44,6,7,12,15,22,54,58,59,69,18,144"
319,,Hewlett-Packard JetDirect (J7973E),Printer,Hewlett-Packard,"1,3,44,6,7,12,15,22,54,58,59,69,18,144"
321,,Hewlett-Packard JetDirect (Q7545A),Printer,Hewlett-Packard,"1,3,44,6,7,12,15,22,54,58,59,69,18,43"
322,,Hewlett-Packard JetDirect (CB472A),Printer,Hewlett-Packard,"1,3,44,6,7,12,15,22,54,58,59,69,18,43,119"
323,,Hewlett-Packard JetDirect (J8017E),Printer,Hewlett-Packard,"1,3,44,6,7,12,15,22,54,58,59,69,18,43,119,154"
329,,Hewlett-Packard JetDirect (J311xA/J32xxx),Printer,Hewlett-Packard,"1,3,7,44,51,54,58,59,12,15,144,18"
335,,HP LaserJet,Printer,Hewlett-Packard,"6,3,1,15,44,12"
342,158,Canon Printer,Printer,"Canon, Inc.","1,3,6,15,44,47"
344,159,Xerox Printer,Printer,Xerox Corp.,"1,2,3,6,12,15,26,28,85,86,87,88,44,45,46,47,70,69,78,79,120"
346,159,Xerox Printer,Printer,Xerox Corp.,"1,28,3,15,6,12,44,78,79"
347,7042,Xerox WorkCentre,Printer,Xerox Corp.,"1,28,3,15,6,12,44,78,79,2,42"
356,159,Xerox Printer,Printer,Xerox Corp.,"1,3,28,58,59,6,15,78,79,44,46,69,66,67,12"
357,159,Xerox Printer,Printer,Xerox Corp.,"1,3,28,58,59,6,15,78,79,44,46,69,66,67,12,81"
362,,Dell C1760nw Color Printer,Printer,"Dell, Inc.","1,2,3,6,12,15,26,28,88,44,45,46,47,70,69,78,79"
362,160,Dell Printer,Printer,"Dell, Inc.","1,2,3,6,12,15,26,28,88,44,45,46,47,70,69,78,79"
365,161,Brother Printer,Printer,"Brother Industries, Ltd.","6,3,1,15,66,67,13,12,44"
365,,Brother Printer 2,Printer,"Brother Industries, Ltd.","6,3,1,15,66,67,13,12,44"
370,,Kyocera KM-XXXX,Scanner,Kyocera Mita Corp.,"1,3,12,23,6,15,44,47"
370,163,Kyocera Printer,Printer,Kyocera Mita Corp.,"1,3,12,23,6,15,44,47"
375,164,Epson Printer,Printer,Seiko Epson Corp.,"1,3,6,12,15,28,51,54,58,59"
384,,Trendnet Print Server,Printer,TRENDnet,"1,3"
385,,Generic Printer,Printer,,"1,3,6,7,12,15,18,23,26,44,46,51,54,58,59,78,79,81"
412,,Enterasys SecureStack A2,Switch,"Enterasys Networks, Inc.","3,1"
412,,Enterasys SecureStack B2/B3/C2/C3,Switch,"Enterasys Networks, Inc.","3,1"
418,,Hotway LanDrive,NAS,Hotway,"1,3,6,15,28"
419,,AXIS M3007,IP Network Camera,Axis Communications,"1,3,6,12,15,28,42"
419,,AXIS M3203,IP Network Camera,Axis Communications,"1,3,6,12,15,28,42"
419,,AXIS M5065,IP Network Camera,Axis Communications,"1,3,6,12,15,28,42"
419,,AXIS P3224-LV,IP Network Camera,Axis Communications,"1,3,6,12,15,28,42"
419,,AXIS P3304,IP Network Camera,Axis Communications,"1,3,6,12,15,28,42"
419,,HELLA Aglaia People Sensor,Sensor,Hella Aglaia,"1,3,6,12,15,28,42"
419,,Kindle Firmware 5.10.x,eBook Reader,Amazon,"1,3,6,12,15,28,42"
419,,Kindle Firmware 5.12.x,eBook Reader,Amazon,"1,3,6,12,15,28,42"
419,,Kindle Firmware 5.3.x,eBook Reader,Amazon,"1,3,6,12,15,28,42"
419,139673,Onion Omega2 (0.1.10),,,"1,3,6,12,15,28,42"
419,139673,Onion Omega2 (0.2.1),,,"1,3,6,12,15,28,42"
419,139673,OpenWRT Chaos Calmer 15.x,,,"1,3,6,12,15,28,42"
419,,PogoPlug,NAS,Adorama,"1,3,6,12,15,28,42"
419,,UnionCam Q5,IP Network Camera,UnionCam,"1,3,6,12,15,28,42"
419,,WyzeCam v2,IP Network Camera,Wyze,"1,3,6,12,15,28,42"
424,,FreeBSD 6.3-6.4,,,"1,28,2,121,3,15,6,12"
424,,FreeBSD 7.0,,,"1,28,2,121,3,15,6,12"
424,,FreeBSD 7.1 based distro,,,"1,28,2,121,3,15,6,12"
424,,FreeBSD 7.2,,,"1,28,2,121,3,15,6,12"
424,,FreeNAS 0.7,,,"1,28,2,121,3,15,6,12"
424,,PC-BSD 1.5,,,"1,28,2,121,3,15,6,12"
424,,PC-BSD 7.0,,,"1,28,2,121,3,15,6,12"
425,164,Epson Printer,Printer,Seiko Epson Corp.,"1,3,6,12,15,17,28,40,41,42"
425,143057,Epson Workforce 845,Printer,Seiko Epson Corp.,"1,3,6,12,15,17,28,40,41,42"
425,,Nokia Internet Tablet,PDA,Nokia,"1,3,6,12,15,17,28,40,41,42"
426,,Android 0.9,Smartphone,,"1,3,6,28"
426,,Android 1.5-2.1,Smartphone,,"1,3,6,28"
426,35798,Nintendo Switch,Game Console,Nintendo,"1,3,6,28"
426,,Nokia 6086 UMA,Smartphone,Nokia,"1,3,6,28"
428,33450,iPhone/iPod touch/iPad,Multimedia Device,"Apple, Inc.","1,3,6,15,119,252"
433,,Nokia E-Series,Phone,Nokia,"12,6,15,1,3,28,120"
444,,Android 2.3.x,Smartphone,,"1,121,33,3,6,15,28,51,58,59,119"
445,,Android 2.2.x,Smartphone,,"1,121,33,3,6,28,51,58,59"
448,,Android 1.0,Smartphone,,"1,3,6,28,33,51,58,59,121"
448,,Android 1.5-2.1,Smartphone,,"1,3,6,28,33,51,58,59,121"
450,,Amazon Fire OS 3.0,eBook Reader,Amazon,"1,33,3,6,15,28,51,58,59"
450,,Amazon Fire OS 5.6.x,Tablet,Amazon,"1,33,3,6,15,28,51,58,59"
450,,Chromecast,Digital Media Player,"Google, Inc.","1,33,3,6,15,28,51,58,59"
450,16477,Crestron,,https://www.crestron.com/,"1,33,3,6,15,28,51,58,59"
456,,Android 3.0.x,Smartphone,,"1,33,3,6,28,51,58,59"
467,,Amazon Fire OS 4.5.5,tablet,Amazon,"1,33,3,6,15,26,28,51,58,59"
467,,Amazon Fire OS 5.2.x,Smart TV,Amazon,"1,33,3,6,15,26,28,51,58,59"
467,,Amazon Fire OS 5.6.x,Tablet,Amazon,"1,33,3,6,15,26,28,51,58,59"
489,231,Eye-Fi Wireless Memory Card,Miscellaneous,"EyeFi, Inc.","1,3,28,6"
490,,APC UPS,UPS,American Power Conversion Corp.,"6,3,1,15,66,67,13,44,12,43,58,59,42,2"
496,238,OS/2 Warp,,,"1,3,6,15,28,33"
496,,Wii,Game Console,"Nintendo Co., Ltd.","1,3,6,15,28,33"
496,,Wii 4.3u,Game Console,"Nintendo Co., Ltd.","1,3,6,15,28,33"
499,,PXE Client (ZEN),,,"1,2,3,4,5,6,11,12,13,15,16,17,18,22,23,28,40,41,42,43,50,51,54,58,59,60,66,67,128,129,130,131,132,133,134,135"
501,,PXE Client,,,"1,2,3,5,6,11,12,13,15,16,17,18,43,54,60,67,128,129,130,131,132,133,134,135"
510,242,Novell NetWare Client,Miscellaneous,"Novell, Inc.","85,86,87"
513,244,Apple Netboot,,,"1,3,67,43,60"
522,,Hewlett-Packard LaserJet P2015 Printer Series,Printer,Hewlett-Packard,"6,3,1,15,66,67,13,44"
550,,Hewlett-Packard Printer MFP M425dn,Printer,Hewlett-Packard,"6,3,1,15,12,44,81,69,43,18,66,67,150,7"
555,,AXIS 241Q Video Server,IP Network Camera,Axis Communications,"1,3,6,12,15,28,40,41,42"
555,,Axis 212 PTZ,IP Network Camera,Axis Communications,"1,3,6,12,15,28,40,41,42"
555,,Axis 216FD,IP Network Camera,Axis Communications,"1,3,6,12,15,28,40,41,42"
555,36970,Axis Network Camera,IP Network Camera,Axis Communications,"1,3,6,12,15,28,40,41,42"
555,,Belkin Skype Phone,VoIP Phone,Belkin,"1,3,6,12,15,28,40,41,42"
555,,DD-WRT Router,Wireless Router,DD-WRT,"1,3,6,12,15,28,40,41,42"
555,,Enterasys HiPath Wireless Access Point 3610/3620,Wireless Access Point,"Enterasys Networks, Inc.","1,3,6,12,15,28,40,41,42"
555,,Kindle 1G,eBook Reader,Amazon,"1,3,6,12,15,28,40,41,42"
555,,Meraki Indoor,Wireless Access Point,Meraki,"1,3,6,12,15,28,40,41,42"
555,,Star TSP654,Printer,Star,"1,3,6,12,15,28,40,41,42"
555,,Vizio Smart TV 2.1.18.x,Smart TV,Vizio,"1,3,6,12,15,28,40,41,42"
555,,WD My Book World Edition,NAS,Western Digital Corp.,"1,3,6,12,15,28,40,41,42"
555,,WD ShareSpace,NAS,Western Digital Corp.,"1,3,6,12,15,28,40,41,42"
641,,Gentoo 2008.0 R1,,,6
641,124,Puppy Linux 4.x,,,6
714,,3Com IP Phone,VoIP Phone,3Com,"1,3,6,15,35,66,58,59,120,184,26"
715,,Debian GNU/Linux 8 (jessie),,,"3,1,252,42,15,6,12"
893,,openSUSE 12.1,,,"1,28,3,121,26,12,15,119,6,40,41,87,85,86,44,45,46,47,42,121,249,252,42"
927,249,Knoppix,,,"1,3,6,15,51,44"
1011,139673,Onion Omega2 (0.1.10),,,"1,3,6,12,15,28,42,121"
1011,139673,Onion Omega2 (0.2.1),,,"1,3,6,12,15,28,42,121"
1014,,Cisco 7910 IP Phone,VoIP Phone,"Cisco Systems, Inc.","1,66,6,3,15,150,35"
1014,,Cisco 7911x IP Phone,VoIP Phone,"Cisco Systems, Inc.","1,66,6,3,15,150,35"
1014,,Cisco 7940/7960x IP Phone,VoIP Phone,"Cisco Systems, Inc.","1,66,6,3,15,150,35"
1014,,Cisco 7945x IP Phone,VoIP Phone,"Cisco Systems, Inc.","1,66,6,3,15,150,35"
1014,,Cisco 7961G IP Phone,VoIP Phone,"Cisco Systems, Inc.","1,66,6,3,15,150,35"
1014,,Cisco 7965G IP Phone,VoIP Phone,"Cisco Systems, Inc.","1,66,6,3,15,150,35"
1014,,Cisco 8831 IP Phone,VoIP Phone,"Cisco Systems, Inc.","1,66,6,3,15,150,35"
1014,41,Cisco IP Phone,VoIP Phone,"Cisco Systems, Inc.","1,66,6,3,15,150,35"
1021,42,Avaya IP Phone,VoIP Phone,"Avaya, Inc.","1,28,3,6,15,42,43,176,66"
1023,45,Mediatrix VoIP Adapter,VoIP Gateway,Mediatrix Telecom,"1,3,6,12,15,42,43"
1041,,LifeSize Room,Video Conferencing,"LifeSize Communications, Inc.","1,28,2,3,15,6,12,42,157"
1047,,Windows NT 4,,,"1,2,3,6,12,15,26,28,85,86,87,88,44,45,46,47,70,69,78,79"
1047,159,Xerox Printer,Printer,Xerox Corp.,"1,2,3,6,12,15,26,28,85,86,87,88,44,45,46,47,70,69,78,79"
1071,49,Sipura VoIP Adaptor,VoIP Gateway,Sipura Technology,"1,3,42,6,7,15,58,59,44,66"
1090,159,Xerox Printer,Printer,Xerox Corp.,"1,3,28,58,59,6,15,78,79,44,46,69,12,81"
1103,,Enterasys RBT-1002-EU Wireless Access Point,Wireless Access Point,"Enterasys Networks, Inc.","1,15,3,6,43"
1103,,Enterasys RBT-1602 Wireless Access Point,Wireless Access Point,"Enterasys Networks, Inc.","1,15,3,6,43"
1103,,Enterasys RBT-1602C Wireless Access Point,Wireless Access Point,"Enterasys Networks, Inc.","1,15,3,6,43"
1103,,Enterasys RBT-4102C-EU Wireless Access Point,Wireless Access Point,"Enterasys Networks, Inc.","1,15,3,6,43"
1103,,Trapeze MP-422 Wireless Access Point,Wireless Access Point           ,Trapeze Networks,"1,15,3,6,43"
1126,,Hewlett-Packard iLO Agent,Miscellaneous,Hewlett-Packard,"1,3,6,15,28,33,43,44,58,59"
1132,159,Xerox Printer,Printer,Xerox Corp.,"1,28,3,58,59,6,15,78,79,12,44,46,69,116,66,67"
1149,,Linksys Router,Router,Linksys,"1,15,3,6,44,46,47"
1163,,Fedora 13 based distro,,,"1,28,2,3,15,6,12,40,41,42,26"
1168,,SLED 10.1,,,"1,3,6,12,15,17,23,28,29,31,33,40,41,42,9,7,44,45,46,47,119"
1199,97,TP-LINK Wireless LAN Router,Wireless Router,"TP-LINK Technologies Co., Ltd.","1,3,43,44,46,47,6"
1209,,DSL 4.4.x,,,"1,3,6,15,28,12,7,9,42,48,49"
1209,,Knoppix 3.6-3.7 based distro,,,"1,3,6,15,28,12,7,9,42,48,49"
1209,,Knoppix 3.8-4.02 based distro,,,"1,3,6,15,28,12,7,9,42,48,49"
1209,,Red Hat Linux 6.2,,,"1,3,6,15,28,12,7,9,42,48,49"
1209,,Red Hat Linux 7.0,,,"1,3,6,15,28,12,7,9,42,48,49"
1231,244,Apple Netboot,,,"1,3,43,60"
1324,130963,Kyocera FS-1028MFP,Scanner,Kyocera Mita Corp.,"1,3,15,6,44"
1357,,Windows 98 SE,,,"1,15,3,6,44,46,47,43,77"
1394,,Cisco Aironet 1130,Wireless Access Point,"Cisco Systems, Inc.","1,6,15,44,3,33,150,43"
1394,,Cisco Aironet 1200,Wireless Access Point,"Cisco Systems, Inc.","1,6,15,44,3,33,150,43"
1394,,Cisco Aironet 1240,Wireless Access Point,"Cisco Systems, Inc.","1,6,15,44,3,33,150,43"
1394,,Cisco Aironet 1310,Wireless Access Point,"Cisco Systems, Inc.","1,6,15,44,3,33,150,43"
1394,,Cisco Wireless Access Point,Wireless Access Point,"Cisco Systems, Inc.","1,6,15,44,3,33,150,43"
1439,,Hewlett-Packard ProCurve AP,Wireless Access Point,Hewlett-Packard,"1,28,2,3,15,6,12,43"
1607,261,Moneris HiSpeed 3100IP,Miscellaneous,Moneris Solutions,"1,3,6,15,70,69"
1626,,NETGEAR WGT624v4,Wireless Access Point,NETGEAR,"1,3,6,12,15,28,33,44,121"
1626,,NETGEAR WNDR3000,Wireless Access Point,NETGEAR,"1,3,6,12,15,28,33,44,121"
1664,,Linksys PAP2/PAP2T,VoIP Phone,Linksys,"1,3,42,6,7,15,58,59,66"
1664,,SPA 941,VoIP Phone,Linksys,"1,3,42,6,7,15,58,59,66"
1712,,Hewlett-Packard Procurve,Switch,Hewlett-Packard,"1,3,4,23,67"
1716,,Lexmark MFP Printer,Printer,"Lexmark International, Inc.","1,3,42,4,6,7,12,15,26,44,51,54,58,59,190"
1716,165,Lexmark Printer,Printer,"Lexmark International, Inc.","1,3,42,4,6,7,12,15,26,44,51,54,58,59,190"
1762,,Polycom Video Phone (VSX 3000A),Video Phone,"Polycom, Inc.","1,3,6,15,12,44"
1856,,Cisco Aironet 1310,Wireless Access Point,"Cisco Systems, Inc.","1,66,6,15,44,3,67,12,33,150,43"
1856,,Cisco Wireless Access Point,Wireless Access Point,"Cisco Systems, Inc.","1,66,6,15,44,3,67,12,33,150,43"
1968,,FortiGate 30D,Firewall,Fortinet,"1,2,3,6,12,15,28,40,42"
2028,,HP LaserJet,Printer,Hewlett-Packard,"6,3,1,15,12,44,81,69,42,43,18,66,67,150,7"
2028,,Hewlett-Packard JetDirect (5205FE),Printer,Hewlett-Packard,"6,3,1,15,12,44,81,69,42,43,18,66,67,150,7"
2028,,Hewlett-Packard JetDirect (CF287A),Printer,Hewlett-Packard,"6,3,1,15,12,44,81,69,42,43,18,66,67,150,7"
2037,,Cisco 8945 IP Phone,VoIP Phone,"Cisco Systems, Inc.","1,3,15,6,12,35,66,150"
2045,177,Cisco Catalyst 35xx,Switch,"Cisco Systems, Inc.","1,6,15,44,3,33"
2053,,Cisco 7935 IP Phone,VoIP Phone,"Cisco Systems, Inc.","1,28,66,6,15,3,35,150"
2219,57,Siemens optiPoint 410/420,VoIP Phone,Siemens Enterprise Communications,"1,28,43,3"
2219,,Siemens optiPoint 410/420 S,VoIP Phone,Siemens Enterprise Communications,"1,28,43,3"
2287,,Alcatel IP Touch 8 Series Phones,VoIP Phone,Alcatel-Lucent,"1,3,28,43,58,59"
2288,,iPad 12.1,Multimedia Device,"Apple, Inc.","1,121,3,6,15,119,252"
2288,,iPad 13.5,Multimedia Device,"Apple, Inc.","1,121,3,6,15,119,252"
2419,,Siemens OpenStage 20/40/60/80,VoIP Phone,Siemens Enterprise Communications,"1,2,3,6,12,15,28,33,42,43,120"
2419,,Siemens OpenStage 20/40/60/80 S,VoIP Phone,Siemens Enterprise Communications,"1,2,3,6,12,15,28,33,42,43,120"
2432,,Windows 10,,,"1,121,3,6,15,119,252,95,44,46"
2719,,Extron MLC 226 IP,Media Link Controller,Extron,"1,3,58,59"
3296,,Linux 2.2.x,,,"1,3,6,12,15,23,28,29,31,33,40,41,42"
3296,,Linux 2.4.x,,,"1,3,6,12,15,23,28,29,31,33,40,41,42"
3828,,Android 6.0.x,Smartphone,,"1,3,6,15,26,28,51,58,59"
4068,54,ShoreTel IP Phone,VoIP Phone,"ShoreTel, Inc.","1,28,156,4,3,66,42"
4196,84,NETGEAR Router,Router,NETGEAR,"3,1,6,15,12"
4196,79538,NETGEAR WGR614v6,Router,NETGEAR,"3,1,6,15,12"
4211,250,OpenSolaris 2008.11 - 2010.02,,,"1,3,6,12,15,28,43"
5320,42,Avaya IP Phone,VoIP Phone,"Avaya, Inc.","1,28,3,6,15,42,242"
5565,37759,BrightSign HD1022,Digital Signage,BrightSign,"1,121,33,3,6,12,15,28,43,51,58,59,119"
6181,,OpenBSD 3.8,,,"1,28,3,15,6,12"
6181,,OpenBSD 4.x,,,"1,28,3,15,6,12"
6320,,Amcrest IP3M-943 Camera,IP Network Camera,Amcrest,"1,3,4,5,6,12,15,28,42"
6321,62,Mitel IP Phone,VoIP Phone,Mitel Corp.,"1,3,6,12,42,44,51,54,58,59,128,66,120,129,130,131,132,133,134,135,224,138,125,43"
6325,159,Xerox Printer,Printer,Xerox Corp.,"1,28,3,15,6,12,44,78,79,66,67"
6784,,Wii,Game Console,"Nintendo Co., Ltd.","1,3,6,12,15,28,33,58,59"
6929,37906,Grandstream GXP1405,VoIP Phone,Grandstream,"1,3,6,12,15,28,43,125"
7520,,Windows 98,,,"1,3,6,15,44,46,47,57"
7521,,Anaconda,,,"1,3,6,15,28,12,7,9,42,48,49,26"
7521,,Knoppix 5.0.1-5.3 based distro,,,"1,3,6,15,28,12,7,9,42,48,49,26"
8589,,Mac OS 9.x,,,"1,3,6,15,33,42,44,45,46,47,69,70,71,74,78,79"
8592,38,Mac OS X,,,"1,3,6,15,112,113,78,79,95"
8740,165,Lexmark Printer,Printer,"Lexmark International, Inc.","1,3,6,12,15,28,42,40,38,23,37,44,39,19,26"
9274,,SPA 942,VoIP Phone,Linksys,"1,3,42,6,7,15,58,59,44,66,150,2,151"
9299,,Apple Airport,Wireless Router,"Apple, Inc.","1,28,3,6,15"
9721,,Mag 522,IPTV,,"1,3,6,12,15,28,42,43"
10262,,Cisco Aironet 1240,Wireless Access Point,"Cisco Systems, Inc.","1,66,6,3,67,150,43"
10262,176,Cisco Catalyst 29xx,Switch,"Cisco Systems, Inc.","1,66,6,3,67,150,43"
11244,124,Puppy Linux 4.x,,,"58,59,1,28,121,33,3,12,119,15,6,40,41,42,26,17,120"
11247,,Cisco 7841 IP Phone,VoIP Phone,"Cisco Systems, Inc.","1,42,66,6,3,15,150,35"
11247,,Cisco 8841 IP Phone,VoIP Phone,"Cisco Systems, Inc.","1,42,66,6,3,15,150,35"
11253,,Windows 10,,,"1,3,6,15,31,33,43,44,46,47,121,249,252"
11253,,Windows 10 - 1607,,,"1,3,6,15,31,33,43,44,46,47,121,249,252"
11253,,Windows 10 - 1703,,,"1,3,6,15,31,33,43,44,46,47,121,249,252"
11253,,Windows 10 - 1709,,,"1,3,6,15,31,33,43,44,46,47,121,249,252"
11253,,Windows Server 2016,,,"1,3,6,15,31,33,43,44,46,47,121,249,252"
11266,159,Xerox Printer,Printer,Xerox Corp.,12
11322,,NetBotz WallBotz 420E,Miscellaneous,Netbotz,"1,3,6,12,15,17,23,28,29,31,33,40,41,42,119,43"
11322,,NetBotz WallBotz 500,Miscellaneous,Netbotz,"1,3,6,12,15,17,23,28,29,31,33,40,41,42,119,43"
11352,,Enterasys Matrix N-Series DFE-G/P/D,Switch,"Enterasys Networks, Inc.","1,15,3,44,46,47,6"
11352,,Windows NT 4,,,"1,15,3,44,46,47,6"
11375,,Debian 4 based distro,,,"1,28,2,3,15,6,12,44,47,26"
11375,117,Debian-based Linux,,,"1,28,2,3,15,6,12,44,47,26"
11388,,ReplayTV,DVR,"DIRECTV, Inc.","1,28"
11390,,Symbol Wireless Access Point,Wireless Access Point,Symbol,"1,3,6,12,15,43,66,67,128,129,130,131,132,133,134,135"
11392,165,Lexmark Printer,Printer,"Lexmark International, Inc.","1,3,42,4,6,7,12,26,44,51,54,58,59,190"
11446,,Windows Server 2016,,,3
11486,84,NETGEAR Router,Router,NETGEAR,"3,6,15"
11488,,Cisco Aironet 1500,Wireless Access Point,"Cisco Systems, Inc.","1,28,3,43,6,15"
11635,,SLED 10,,,"1,28,2,3,15,6,12,40,41"
11635,,SUSE Linux Enterprise,,,"1,28,2,3,15,6,12,40,41"
11658,245,Etherboot/gPXE,,,"1,3,6,43"
11681,161,Brother Printer,Printer,"Brother Industries, Ltd.","1,3,6,12,15,28,42,40,44,46"
11816,,Hewlett-Packard JetDirect (J4169A/J6035D/J6038A/J6057A/J7934x/J7949E/J7957A-7959A),Printer,Hewlett-Packard,"1,3,44,6,7,12,15,22,54,58,59,18,144"
11876,,Cannon Image Runner C3826,Printer,Cannon,"1,3,6,15,44"
11876,,Cannon Image Runner C5850,Printer,Cannon,"1,3,6,15,44"
11878,,Anonym.OS,,,"1,28,3"
11878,,Enterasys HiPath Wireless Access Point 2630/2640,Wireless Access Point,"Enterasys Networks, Inc.","1,28,3"
11878,,Nortel IP Phone,VoIP Phone,Nortel Networks,"1,28,3"
11883,,APC UPS,UPS,American Power Conversion Corp.,"6,3,1,15,66,67,13,43,58,59,42,2,12"
12042,,NodeMCU - ESP8266,,,"1,3,28,6,15,44,46,47,31,33,121,43"
13146,,Nortel IP Phone,VoIP Phone,Nortel Networks,"1,28,3,43,128,131,144,157,188,191,205,219,223,232,247,251,58,59,66"
13149,,Android 10.x,Smartphone,,"1,3,6,15,26,28,51,58,59,43"
13149,,Android 11.x,Smartphone,,"1,3,6,15,26,28,51,58,59,43"
13149,,Android 7.0.x,Smartphone,,"1,3,6,15,26,28,51,58,59,43"
13149,,Android 7.1.x,Smartphone,,"1,3,6,15,26,28,51,58,59,43"
13149,,Android 8.0.x,Smartphone,,"1,3,6,15,26,28,51,58,59,43"
13149,,Android 8.1.x,Smartphone,,"1,3,6,15,26,28,51,58,59,43"
13149,,Android 9.x,Smartphone,,"1,3,6,15,26,28,51,58,59,43"
14088,,Ruckus H320/R510,Wireless Access Point,Ruckus,"1,2,3,6,15,28,42,43,44"
14837,,Enterasys HiPath Wireless Access Point 2610/2620/2650/2660,Wireless Access Point,"Enterasys Networks, Inc.","1,28,3,6,15,12"
19206,,SPA 942,VoIP Phone,Linksys,"1,3,42,6,7,15,58,59,44,66,150,151"
19348,,Cisco Wireless Access Point,Wireless Access Point,"Cisco Systems, Inc.","1,66,6,15,44,3,67,33,150,43"
22314,,Nortel IP Phone,VoIP Phone,Nortel Networks,"51,58,59,1,3,43,128,144,157,191,251"
24649,38,Mac OS X,,,"1,3,6,15,112,113,78,79"
26777,,Linksys Router,Router,Linksys,"1,15,3,6,44,46,47,66,1,3,6,15,44,46,47"
27264,38,Mac OS X,,,"1,3,6,15,112,113,78,79,95,252,44,47"
27576,,OpenBSD 6.7,,,"1,28,2,121,3,15,119,6,12,67,66"
30841,89,Gemtek Wireless Router,Wireless Router,"Gemtek Technology Co., Ltd.","1,28,2,3,15,6,12,4,7,23,26,43,50,51,54,55,60,61,72"
32938,,Windows XP,,,"1,15,3,6,44,46,47,31,33,249,43,252,12"
32938,37407,Xerox WorkCentre - 7545,Printer,Xerox Corp.,"1,15,3,6,44,46,47,31,33,249,43,252,12"
32949,,Windows Server 2012,,,54
32949,,Windows Server 2016,,,54
32951,,Adobe Flash Player,Miscellaneous,Adobe,43
32951,26790,Nutanix,Key Lock Box,Morse Watchman,43
32951,,Windows Server 2012,,,43
32951,,iDRAC,,Dell,43
32952,,Windows Server 2012,,,83
37694,,Hewlett-Packard Printer,Printer,Hewlett-Packard,"54,44,6,7,12,15,22,69,18,119,252"
37891,38,Mac OS X,,,"43,60"
42449,,Windows XP,,,"15,3,6,44,46,47,31,33,249,43"
42450,,Windows XP,,,"15,3,6,44,46,47,31,33,249,43,252"
42451,,Windows XP,,,"15,3,6,44,46,47,31,33,249,43,252,12"
42452,,Windows XP,,,"28,2,3,15,6,12,44,47"
42454,242,Novell NetWare Client,Miscellaneous,"Novell, Inc.","78,79,85"
42460,,Hewlett-Packard Printer MFP,Printer,Hewlett-Packard,"54,44,6,7,12,15,22,69,18,119"
42589,,Linux 2.4.x,,,"1,3,6,12,15,17,23,28,29,31,33,40,41,42,9,7,200,44"
42589,,Linux 2.6.x,,,"1,3,6,12,15,17,23,28,29,31,33,40,41,42,9,7,200,44"
42589,,SUSE Linux Enterprise,,,"1,3,6,12,15,17,23,28,29,31,33,40,41,42,9,7,200,44"
42590,38,Mac OS X,,,"60,43"
42602,,Cannon Image Runner C5850,Printer,Cannon,"12,15"
42606,,Windows 2000,,,"1,15,3,6,44,46,47,31,33,43,252"
42608,,Xerox - D95,Printer,Xerox Corp.,252
42608,7042,Xerox WorkCentre,Printer,Xerox Corp.,252
42608,5610,Xerox WorkCentre - 5335,Printer,Xerox Corp.,252
42608,37435,Xerox WorkCentre - 7125,Printer,Xerox Corp.,252
42711,,Cisco 7841 IP Phone,VoIP Phone,"Cisco Systems, Inc.","1,3,6,15,35,66,150,2,7,42,43,58,59,159,160"
42711,,Cisco 8841 IP Phone,VoIP Phone,"Cisco Systems, Inc.","1,3,6,15,35,66,150,2,7,42,43,58,59,159,160"
42711,,Cisco 8851 IP Phone,VoIP Phone,"Cisco Systems, Inc.","1,3,6,15,35,66,150,2,7,42,43,58,59,159,160"
42715,16129,BrightSign HD223,Digital Signage,BrightSign,"1,121,33,3,6,12,15,26,28,43,51,58,59,119"
42731,230,Neoware e100 Thin Client (NeoLinux),Thin Client,"Neoware Systems, Inc.","1,3,6,15,28,12,7,9,42,48,49,137,211,212,213,214,219"
42733,,Ubuntu 18.x,,,"1,28,2,3,15,6,119,12,44,47,26,121,42,249,33,252"
42757,242,Novell NetWare Client,Miscellaneous,"Novell, Inc.",100
42782,242,Novell NetWare Client,Miscellaneous,"Novell, Inc.","79,78"
42794,,Cisco Aironet 1850,Wireless Access Point,"Cisco Systems, Inc.","1,15,3,28,12,6,7,26,43"
42794,,Cisco Aironet 2800,Wireless Access Point,"Cisco Systems, Inc.","1,15,3,28,12,6,7,26,43"
42921,,Big-IP F5,Load Balancer,,"1,28,3,15,6,12,42,26"
42926,,SunRocket Gizmo,VoIP Gateway,"InnoMedia, Inc.","3,1,6,12,15,67,66,43"
42928,,Cannon Image Runner C3826,Printer,Cannon,"1,3,6,15,44,69"
42976,,Nortel IP Phone,VoIP Phone,Nortel Networks,"1,28,1,3"
43521,164,Epson Printer,Printer,Seiko Epson Corp.,"1,3,6,12,15,28,42,40"
43521,,Linux 2.0.x,,,"1,3,6,12,15,28,42,40"
43521,,Linux 2.2.x,,,"1,3,6,12,15,28,42,40"
43521,,Linux 2.4.x,,,"1,3,6,12,15,28,42,40"
43556,,Dell iDrac,,"Dell, Inc.","1,3,6,12,15,28,42,43,121,249"
44063,176,Cisco Catalyst 29xx,Switch,"Cisco Systems, Inc.","1,66,6,3,67"
44120,,Windows 10,,,"1,3,6,15,31,33,43,44,46,47,119,121,249,252"
44120,,Windows 10 - 1803,,,"1,3,6,15,31,33,43,44,46,47,119,121,249,252"
44120,,Windows 10 - 1809,,,"1,3,6,15,31,33,43,44,46,47,119,121,249,252"
44120,,Windows 10 - 1909,,,"1,3,6,15,31,33,43,44,46,47,119,121,249,252"
44120,,Windows 11 - 22000,,,"1,3,6,15,31,33,43,44,46,47,119,121,249,252"
44186,,ReplayTV,DVR,"DIRECTV, Inc.","1,2,3,4,7,6,15"
44325,,Trendnet Wireless Access Point,Wireless Access Point,TRENDnet,"6,5,3,44,15"
44326,242,Novell NetWare Client,Miscellaneous,"Novell, Inc.","78,79"
44651,,GameCube,Game Console,"Nintendo Co., Ltd.","3,6,26,28,58,59"
45407,16129,BrightSign HD223,Digital Signage,BrightSign,"1,121,33,3,6,12,15,26,28,42,43,51,58,59,119"
45407,48207,BrightSign LS424,Digital Signage,BrightSign,"1,121,33,3,6,12,15,26,28,42,43,51,58,59,119"
45415,,Cisco Aironet 4800,Wireless Access Point,"Cisco Systems, Inc.","1,28,3,6,15,67,4,7"
45415,,Cisco Wireless Access Point,Wireless Access Point,"Cisco Systems, Inc.","1,28,3,6,15,67,4,7"
45417,134,Xbox,Game Console,Microsoft Corp.,"3,6"
45444,,Amino AmiNET110,IPTV,Amino Technologies,"1,2,3,6,12,15,17,23,28,29,31,33,40,41,42,43"
45583,,Windows ME,,,"1,15,3,6,44,46,47,31,33,43,77"
46885,56,Siemens optiPoint WL2 professional,VoIP Phone,Siemens Enterprise Communications,"1,2,3,6,12,15,28,42,43,120"
46885,,Siemens optiPoint WL2 professional S,VoIP Phone,Siemens Enterprise Communications,"1,2,3,6,12,15,28,42,43,120"
47005,92,Motorola Router,Router,"Motorola, Inc.","1,28,1,3,6,4"
47410,,Cisco Aironet 1560,Wireless Access Point,"Cisco Systems, Inc.","1,15,3,28,12,6,7,26,42,43"
47410,,Cisco Aironet 1815,Wireless Access Point,"Cisco Systems, Inc.","1,15,3,28,12,6,7,26,42,43"
47410,,Cisco Aironet 2800,Wireless Access Point,"Cisco Systems, Inc.","1,15,3,28,12,6,7,26,42,43"
47410,,Cisco Aironet 9105AXx,Wireless Access Point,"Cisco Systems, Inc.","1,15,3,28,12,6,7,26,42,43"
47410,,Cisco Aironet 9120AX,Wireless Access Point,"Cisco Systems, Inc.","1,15,3,28,12,6,7,26,42,43"
47410,,Cisco Aironet 9164,Wireless Access Point,"Cisco Systems, Inc.","1,15,3,28,12,6,7,26,42,43"
47487,49,Sipura VoIP Adaptor,VoIP Gateway,Sipura Technology,"1,15,3,6,44,46,47,66"
48598,,FortiGate 60F,Firewall,Fortinet,"1,2,3,6,12,15,28,40,42,240,241"
48664,,Cannon Image Runner C5550 III,Printer,Cannon,"1,3,6,12,15,44"
49319,176,Cisco Catalyst 29xx,Switch,"Cisco Systems, Inc.","1,66,6,3,67,12,150"
49778,159,Xerox Printer,Printer,Xerox Corp.,"51,1,3,58,59,12,44,54,6,15,144"
49786,,Haiku,,,"1,3,6,28,15"
50043,105576,PlayStation 2,Game Console,Sony Corp.,"3,15,6"
50180,,Buffalo Wireless Access Point,Wireless Access Point,"Buffalo Technology, Inc.","1,3,6,12,15,23,28,29,31,33,40,41,42,44"
50225,,Windows 95,,,"1,3,15,6,44,46,47"
50225,,Windows 95 B,,,"1,3,15,6,44,46,47"
51255,,Linksys Router,Router,Linksys,"1,3,6,12,15,44,46,47"
53056,,NetBotz WallBotz 400C,Miscellaneous,Netbotz,"1,3,6,15,12,69,70,88,42"
53162,46,Uniden DTA VoIP Adapater,VoIP Gateway,Uniden,"1,2,3,6,15,42"
53904,,TallyGenicom Printer,Printer,TallyGenicom LP,"1,3,6,58,59,44,46,47"
54116,165,Lexmark Printer,Printer,"Lexmark International, Inc.","1,3,7,12,26,44,51,54,58,59,190"
54841,,2Wire Residential Gateway,Router,"2Wire, Inc.","1,2,3,6,15,88,42,44,46,47"
54926,245,Etherboot/gPXE,,,"1,3,12,43"
54926,,Sun Blade 100 Workstation,Workstation,"Sun Microsystems, Inc.","1,3,12,43"
55122,38,Mac OS X,,,"1,3,12,6,15,112,113,78,79"
55153,,Cisco 8841 IP Phone,VoIP Phone,"Cisco Systems, Inc.","1,28,2,121,15,6,12,40,41,42,26,119,3,121,249,33,252,42,17"
55778,,Trendnet Wireless Access Point,Wireless Access Point,TRENDnet,"1,28,6,5,3,44,15"
56055,,iDRAC,,Dell,"1,3,15,6,43"
56087,,Ubuntu 19.x,,,"1,3,12,15,6,2,26,28,121,33,40,41,42,54,119,249,252,17"
56269,38,Mac OS X,,,"3,6,15,112,113,78,79,95,252"
56270,38,Mac OS X,,,"3,6,15,112,113,78,79,95"
56271,38,Mac OS X,,,"3,6,15,112,113,78,79,95,44,47"
56272,38,Mac OS X,,,"1,3,6,15,112,113,78,79,95,44,47"
56273,38,Mac OS X,,,"1,3,6,15,119,112,113,78,79,95,252"
56274,38,Mac OS X,,,"3,6,15,112,113,78,79,95,252,44,47"
56280,,Windows 2000,,,"1,15,3,6,44,46,47,31,33,43,252,12"
56281,,Windows 2000,,,"15,3,6,44,46,47,31,33,43"
56282,,Windows 2000,,,"15,3,6,44,46,47,31,33,43,252"
56283,,Windows ME,,,"15,3,6,44,46,47,31,33,43,77"
56284,,Windows 98 SE,,,"15,3,6,44,46,47,43,77"
56285,,Windows 98 SE,,,"15,3,6,44,46,47,43,77,252"
56286,,Windows 98 SE,,,"1,15,3,6,44,46,47,43,77,252"
56311,42,Avaya IP Phone,VoIP Phone,"Avaya, Inc.","1,3,6,15,66,69,43,176"
56312,42,Avaya IP Phone,VoIP Phone,"Avaya, Inc.","1,3,7,6,15,66,69,43,176"
56313,47,UniData IP Phone,VoIP Phone,UniData Communications Systems Inc.,"54,51,58,59,1,3,6,15,28,139"
56314,50,Clipcomm IP Phone,VoIP Phone,"Clipcomm, Inc.","1,3,6,15,44,46,47,31,33,43"
56316,,Nortel IP Phone,VoIP Phone,Nortel Networks,"1,28,3,43,128,131,144,157,188,191,205,219,223,232,247,251,58,59"
56318,,ZyXEL WiFi Phone,VoIP Phone,ZyXEL Corp.,"1,3,6,66,15"
56319,53,UTStarcom F3000,VoIP Phone,"UTStarcom, Inc.","1,6,15,3,43"
56320,57,Siemens optiPoint 410/420,VoIP Phone,Siemens Enterprise Communications,"1,28,3,6,15,33,42,2,43"
56321,,Siemens optiPoint 410/420 S,VoIP Phone,Siemens Enterprise Communications,"1,28,3,6,15,33,42,2,43,120"
56322,61,Siemens optiPoint 150 S,VoIP Phone,Siemens Enterprise Communications,"1,3,6,12,15,66"
56423,117,Debian-based Linux,,,"3,6,15,28,12,7,9,42,48,49"
56427,,SUSE Linux Enterprise 9.3,,,"1,3,6,12,15,17,23,28,29,31,33,40,41,42,9,7,44,45,46,47"
56629,,Enterasys HiPath Wireless C20N Controller,Wireless Controller,"Enterasys Networks, Inc.",78
57336,242,Novell NetWare Client,Miscellaneous,"Novell, Inc.",85
59324,62,Mitel IP Phone,VoIP Phone,Mitel Corp.,"1,3,6,12,42,44,51,54,58,59,128,66,120,129,130,131,132,133,134,135,138,125,43"
59358,,Hewlett-Packard iLO Agent,Miscellaneous,Hewlett-Packard,202
59668,,Hewlett-Packard iLO Agent,Miscellaneous,Hewlett-Packard,203
59668,230,Neoware Capio Thin Client (Windows CE),Thin Client,"Neoware Systems, Inc.",203
60434,,Linksys Router,Router,Linksys,"1,28,2,3,15,6,12,4,7,23,26,43,50,51,54,55,60,72"
60438,,Apple Airport,Wireless Router,"Apple, Inc.","28,3,6,15"
60441,,Cisco Aironet 4800,Wireless Access Point,"Cisco Systems, Inc.","1,28,3,6,15,67,4"
60442,,BlackBerry,Smartphone,BlackBerry,"56,6,1,3,15"
60443,177,Cisco Catalyst 35xx,Switch,"Cisco Systems, Inc.","1,6,15,44,52"
60444,,Linksys Router,Router,Linksys,"15,3,6,44,46,47"
60445,,Compex Wireless Access Point,Wireless Router,"Compex Systems Pte, Ltd. ","1,3,15,6,43,77"
60447,225,Polycom ViewStation,Video Conferencing,"Polycom, Inc.","6,1,3,12,44"
60448,163,Kyocera Printer,Printer,Kyocera Mita Corp.,"1,3,12,6,15,23,44,47"
60454,28725,TiVo,DVR,TiVo,"28,2,3,15,6,12"
60455,,BeOS 5.0,,,"1,3,6,15,12,19"
60456,165,Lexmark Printer,Printer,"Lexmark International, Inc.","1,3,7,12,26,44,51,54,58,59"
60457,226,TANDBERG,Video Conferencing,TANDBERG,"1,3,7"
60458,158,Canon Printer,Printer,"Canon, Inc.","3,6,15,44,47"
60459,224,TANDBERG 1000,Video Conferencing,TANDBERG,"1,3,6,12,15,120,242"
60464,230,Neoware Capio Thin Client (Windows CE),Thin Client,"Neoware Systems, Inc.","1,3,6,15,44,46,47,137,215"
60465,159,Xerox Printer,Printer,Xerox Corp.,"1,3,28,6,15,44,46,69,12,81"
60466,94,Bluesocket BSC,Wireless Router,Bluesocket,"1,28,3,15,6,12,44"
60467,242,Novell NetWare Client,Miscellaneous,"Novell, Inc.","85,86"
60468,,SunOS 5.6,,,"1,2,3,5,6,12,15,19,28,33,40,41,64,65"
60469,,Linksys Router,Router,Linksys,"1,15,3,6,44,46,47,1,3,6,15,44,46,47"
60471,165,Lexmark Printer,Printer,"Lexmark International, Inc.","1,3,4,42,6,7,12,15,26,44,51,54,58,59,190"
60472,230,Neoware Capio Thin Client (Windows CE),Thin Client,"Neoware Systems, Inc.","1,3,6,15,44,46,47,137,215,224,226"
60474,144,Motorola NIM100,DVR,"Motorola, Inc.","1,3,6,15,23,51,54"
68885,,Cisco Aironet 1500,Wireless Access Point,"Cisco Systems, Inc.","1,28,3,43,6,15,7"
71752,,Debian 12.5,,,"1,2,6,12,15,26,28,121,3,33,40,41,42,119,249,252,17"
71752,,Ubuntu 20.x,,,"1,2,6,12,15,26,28,121,3,33,40,41,42,119,249,252,17"
71752,,Ubuntu 22.x,,,"1,2,6,12,15,26,28,121,3,33,40,41,42,119,249,252,17"
72473,,Android 11.x,Smartphone,,"1,3,6,15,26,28,51,58,59,43,114"
72609,96356,BrightSign AU335,Digital Signage,BrightSign,"1,121,3,6,12,15,26,28,33,42,43,51,58,59,119"
72609,122343,BrightSign HD225,Digital Signage,BrightSign,"1,121,3,6,12,15,26,28,33,42,43,51,58,59,119"
72609,43118,BrightSign XD234,Digital Signage,BrightSign,"1,121,3,6,12,15,26,28,33,42,43,51,58,59,119"
72609,48053,BrightSign XT1144,Digital Signage,BrightSign,"1,121,3,6,12,15,26,28,33,42,43,51,58,59,119"
72620,,Android 11.x,Smartphone,,"1,3,6,15,26,28,51,58,59,43,114,108"
72620,,Android 12.x,Smartphone,,"1,3,6,15,26,28,51,58,59,43,114,108"
72620,,Android 13.x,Smartphone,,"1,3,6,15,26,28,51,58,59,43,114,108"
72620,,Android 14.x,Smartphone,,"1,3,6,15,26,28,51,58,59,43,114,108"
72622,,Android 10.x,Smartphone,,"1,3,6,15,26,28,51,58,59,43,108"
72744,26790,Nutanix,Key Lock Box,Morse Watchman,"43,1,3,6,15"
73259,94179,Polycom Studio X70,Video Phone,"Polycom, Inc.","1,33,3,6,15,28,42,51,58,59,66,160"
85894,,HP Jetdirect,Printer,HP,"1,3,44,6,7,12,15,54,58,59,69,119,81"
